,Power,Var2,Var3,Eta
last_value,206.1103666666667,0.10161352,26.55785,0.7634787673884543
MaxScala,359.3,110.0,40.0,100.0
Media,204.81028395732088,95.4,27.0,0.7586629710726888
Dev,3.5409818986636346,16.15549442140351,0.7071067811865476,0.013116586705746516
