QMean,QDev,PMean,PDev,BarMean,BarDev,etaMean,etaDev,Energy,Resa,Availability
0.06143870384969024,0.04333341168937855,126.42571231879431,90.21384487718215,27.645602801418445,0.9970044577149112,0.7454284341633527,0.16496245017874708,3034.2170956510636,637.1855900867233,0.7872340425531915
