QMean,QDev,PMean,PDev,BarMean,BarDev,etaMean,etaDev,Energy,Resa,Availability
0.09330452356382977,0.010934482950894437,193.19551213652483,21.06939467712185,26.937360195035456,0.3544510546970568,0.7904031885418681,0.005739857842554488,4636.692291276596,973.7053811680851,1.0
