QMean,QDev,PMean,PDev,BarMean,BarDev,etaMean,etaDev,Energy,Resa,Availability
0.0922325389539007,0.011476474155702554,190.7438188315603,22.161438611486844,26.911409007092193,0.37648854507194124,0.7888441799621053,0.007631249489143585,4577.851651957448,961.348846911064,1.0
