QMean,QDev,PMean,PDev,BarMean,BarDev,etaMean,etaDev,Energy,Resa,Availability
0.06945180008227413,0.03993706114909392,142.96997508475175,83.24843518265172,27.460509592198587,0.9375379306737677,0.7872726603534822,0.01118466865300372,3431.279402034042,720.5686744271488,0.851063829787234
