QMean,QDev,PMean,PDev,BarMean,BarDev,etaMean,etaDev,Energy,Resa,Availability
95.13220894736843,9.094166171659978,195.38305144736842,17.67142812630426,97.69152572368421,8.83571406315213,inf,,4689.193234736842,984.7305792947368,1.0
