QMean,QDev,PMean,PDev,BarMean,BarDev,etaMean,etaDev,Energy,Resa,Availability
0.09360640285460994,0.013113476170020991,191.7614823865248,26.053019804474808,26.852419414893617,0.40215293841635763,0.7885255742754987,0.005476465909154979,4602.275577276595,966.477871228085,1.0
