QMean,QDev,PMean,PDev,BarMean,BarDev,etaMean,etaDev,Energy,Resa,Availability
0.09504762293103447,0.01303017887226208,194.98929856034482,25.442145578002215,26.837482658045975,0.4413626245494773,0.7905248476886667,0.005918399226551943,4679.743165448275,982.7460647441378,1.0
