QMean,QDev,PMean,PDev,BarMean,BarDev,etaMean,etaDev,Energy,Resa,Availability
0.09392611282051283,0.013413287176032686,193.01252115064105,26.30108503861725,26.888051474358978,0.44615486010492905,0.7909718563653056,0.006085349562492011,4632.300507615385,972.7831065992308,1.0
