QMean,QDev,PMean,PDev,BarMean,BarDev,etaMean,etaDev,Energy,Resa,Availability
0.08951438292596285,0.02067962165443188,184.2669517511335,41.90668499323893,26.963618284005037,0.5371157874718882,0.7833525272752749,0.04925799813306182,125929.36564359839,26445.16678515566,0.9848866498740554
