QMean,QDev,PMean,PDev,BarMean,BarDev,etaMean,etaDev,Energy,Resa,Availability
0.09465111433720226,0.012268752487318022,194.52785815855458,24.6765723661404,26.900078597898233,0.3705697798925716,0.7794736143983269,0.03950821232927038,87340.19846635094,18341.441677933697,1.0
