QMean,QDev,PMean,PDev,BarMean,BarDev,etaMean,etaDev,Energy,Resa,Availability
0.08996405280313832,0.019739990268655097,185.19506020936709,39.925719824715806,26.953553527953584,0.5194664556877068,0.7851117644472595,0.03496762384159347,126209.09601280437,26503.910162688917,0.9886075949367089
