QMean,QDev,PMean,PDev,BarMean,BarDev,etaMean,etaDev,Energy,Resa,Availability
0.09133679010373492,0.016787891093219803,188.02197166190794,33.51988706987419,26.9192516998672,0.459969560412858,0.7850560916887684,0.03546040977208791,124648.69605833272,26176.22617224987,0.99734395750332
