QMean,QDev,PMean,PDev,BarMean,BarDev,etaMean,etaDev,Energy,Resa,Availability
0.08912410279552492,0.02680268989043943,183.03454707948944,54.73799670554975,25.691003279958924,4.913515813950537,0.7888882726892346,0.01490206727322619,51147.987322768444,10741.077337781373,0.9330985915492958
