QMean,QDev,PMean,PDev,BarMean,BarDev,etaMean,etaDev,Energy,Resa,Availability
0.08885113357828206,0.02702516452983177,182.50704770590528,55.2060897946977,25.672120562979615,4.964555964315638,0.7888771396350347,0.015071562964714924,50412.40089573801,10586.60418810498,0.9316546762589928
