QMean,QDev,PMean,PDev,BarMean,BarDev,etaMean,etaDev,Energy,Resa,Availability
0.09122172127730943,0.01709457761627375,187.73982362893747,34.15000575437384,26.92194961154208,0.4661772392779089,0.7848284492589765,0.03646168201274311,120283.23620062799,25259.479602131876,0.997179125528914
