QMean,QDev,PMean,PDev,BarMean,BarDev,etaMean,etaDev,Energy,Resa,Availability
95.52346709799497,9.538218255488175,196.56601089523807,18.80160458819503,57.75144504315476,35.847154906663754,inf,,55273.81624704401,11607.50141187924,1.0
