QMean,QDev,PMean,PDev,BarMean,BarDev,etaMean,etaDev,Energy,Resa,Availability
0.08551403472668934,0.026127687393447792,175.8957196784135,53.42423812963258,26.274415308852404,3.001710593094496,0.78314932507893,0.0525779222507713,251074.82062694288,52725.712331658004,0.9375812743823146
