QMean,QDev,PMean,PDev,BarMean,BarDev,etaMean,etaDev,Energy,Resa,Availability
0.08598452951040171,0.026812606251347848,176.7158392109575,54.8460927032527,26.016501986727786,3.830994076584737,0.7838521018165682,0.051633725990998094,303283.5520970282,63689.545940375916,0.9284051222351571
