QMean,QDev,PMean,PDev,BarMean,BarDev,etaMean,etaDev,Energy,Resa,Availability
0.08573518062641002,0.025799768696687753,176.35186097809648,52.7407181358594,26.267434885657323,3.0025032296589265,0.7840942979983526,0.04603643871406435,251388.30417194724,52791.54387610892,0.939374185136897
