QMean,QDev,PMean,PDev,BarMean,BarDev,etaMean,etaDev,Energy,Resa,Availability
0.08632115451873486,0.024984198073726066,177.55524504770653,50.99085993425613,26.233222683710757,3.0275352918921343,0.7840471746042895,0.04640262962856162,249810.9081317581,52460.2907076692,0.9425517702070808
