QMean,QDev,PMean,PDev,BarMean,BarDev,etaMean,etaDev,Energy,Resa,Availability
0.08631142896893848,0.025906292660344808,177.3798069085842,53.075631916455585,26.053322192934782,3.35124895816248,0.7707218244927886,0.028214567311625843,211611.54748917447,44438.424972726636,0.9297658862876255
