QMean,QDev,PMean,PDev,BarMean,BarDev,etaMean,etaDev,Energy,Resa,Availability
85.14915640026717,27.082367034659356,175.05677756412763,55.529528399526455,34.34701409041341,23.87612188571111,inf,,179467.72208991708,37688.221638882584,0.91796875
