QMean,QDev,PMean,PDev,BarMean,BarDev,etaMean,etaDev,Energy,Resa,Availability
0.08603947317751554,0.026782057556048504,176.82289087747003,54.78057595303069,26.01841405347931,3.8244588520748244,0.7838731534702229,0.05153630638037077,304037.13736987207,63847.79884767313,0.9286542923433875
