,Power,Var2,Var3,Eta
last_value,49.7615,0.02694142,26.38364,0.6998094549767501
MaxScala,100.0,30.0,40.0,100.0
Media,49.704488605397536,26.0,26.9,0.69900768828997
Dev,1.0445972979623832,6.0,0.5,0.014690454784466733
