QMean,QDev,PMean,PDev,BarMean,BarDev,etaMean,etaDev,Energy,Resa,Availability
0.027354490312500004,0.0002587759704134912,52.74508854166667,1.6735046714573398,26.905967083333334,0.4900389177017741,0.7161960727263516,0.004038647436136393,1265.882125,265.83524625,1.0
