QMean,QDev,PMean,PDev,BarMean,BarDev,etaMean,etaDev,Energy,Resa,Availability
0.027002368631578944,0.0002345772221347232,50.3838894736842,1.6383900396408846,26.718604315789477,0.47212656752780213,0.6978970965478831,0.005103893940521592,1209.2133473684207,253.93480294736835,1.0
