QMean,QDev,PMean,PDev,BarMean,BarDev,etaMean,etaDev,Energy,Resa,Availability
0.027334817052631577,0.0002446035878201114,52.622042105263155,1.5938940674421076,26.865953578947362,0.45996147141602073,0.716119519151053,0.0040991659673643805,1262.9290105263158,265.2150922105263,1.0
