QMean,QDev,PMean,PDev,BarMean,BarDev,etaMean,etaDev,Energy,Resa,Availability
0.02705968410526316,0.00026924384652107205,50.55657368421054,1.7126895668700073,26.703503684210535,0.5174959867468135,0.6991936304826496,0.004424973081535044,1213.357768421053,254.80513136842112,1.0
