QMean,QDev,PMean,PDev,BarMean,BarDev,etaMean,etaDev,Energy,Resa,Availability
0.027028413854166666,0.00018217243048236964,50.76642187499999,1.1774123072621236,26.871194479166665,0.3451768014814709,0.698638547307071,0.00498754934144169,1218.3941249999998,255.86276624999994,1.0
