QMean,QDev,PMean,PDev,BarMean,BarDev,etaMean,etaDev,Energy,Resa,Availability
0.02708509157894737,0.00025977738971064314,50.70357368421054,1.6481187536550832,26.735293052631576,0.5052326840827089,0.6997555203627506,0.0041181464861578705,1216.885768421053,255.54601136842112,1.0
