QMean,QDev,PMean,PDev,BarMean,BarDev,etaMean,etaDev,Energy,Resa,Availability
0.027084186979166664,0.0001718462351633951,51.467572916666676,1.158131021704004,26.812747395833338,0.34304958758794607,0.7083742093646214,0.004076723138762803,1235.2217500000002,259.3965675,0.8431394863624293
