QMean,QDev,PMean,PDev,BarMean,BarDev,etaMean,etaDev,Energy,Resa,Availability
0.018236604772233517,0.012623017912912956,34.44223157894737,25.176051420244445,27.646412842105267,1.1519062428583902,0.672442127399868,0.1708739790640889,826.6135578947369,173.58884715789475,0.6526315789473685
