QMean,QDev,PMean,PDev,BarMean,BarDev,etaMean,etaDev,Energy,Resa,Availability
0.02727465652631579,0.0002559955510459156,52.42736315789474,1.6385397870988112,26.774738000000003,0.48693977365973024,0.7174771301722365,0.004649972951868509,1258.2567157894737,264.23391031578944,1.0
