QMean,QDev,PMean,PDev,BarMean,BarDev,etaMean,etaDev,Energy,Resa,Availability
0.025269400480068267,0.006826325448159704,47.632635062611804,12.959867103139699,25.600420883631486,4.953302721563117,0.7041276456700969,0.005625775003201218,13318.693402732059,2796.925614573732,0.9320214669051878
