QMean,QDev,PMean,PDev,BarMean,BarDev,etaMean,etaDev,Energy,Resa,Availability
0.02541483408412475,0.006549942500101412,47.859780507780506,12.432313272617371,25.692870055610154,4.751432004486521,0.7035684494112895,0.00584742260863783,14619.275142673583,3070.0477799614523,0.9377559377559378
