QMean,QDev,PMean,PDev,BarMean,BarDev,etaMean,etaDev,Energy,Resa,Availability
0.02702057856704957,0.0013003212063437406,51.034776726057906,2.9962084820782207,26.826341542316257,0.47321132112713504,0.7035456473779613,0.011601537078106317,22913.83505202224,4811.90536092467,0.9977728285077951
