QMean,QDev,PMean,PDev,BarMean,BarDev,etaMean,etaDev,Energy,Resa,Availability
0.025634081517485734,0.00607283467353024,48.385790265832675,11.621151018013423,26.82878155590305,0.5732243833120997,0.7039268056647919,0.012017472963952185,31000.265084421746,6510.055667728567,0.9468334636434714
