QMean,QDev,PMean,PDev,BarMean,BarDev,etaMean,etaDev,Energy,Resa,Availability
0.02703811287681869,0.001631100847153431,51.372584888888895,3.4479203429369307,26.795836391111113,0.405661240422266,0.708556203126445,0.010625508907868043,14445.813898968398,3033.6209187833633,0.9964444444444445
