QMean,QDev,PMean,PDev,BarMean,BarDev,etaMean,etaDev,Energy,Resa,Availability
0.025248939833982176,0.006867033525935588,47.61078260869565,13.040287790021415,25.590413032518118,4.983806130691922,0.704245640476243,0.005554292909025998,13149.344319130434,2761.3623070173912,0.9311594202898551
