QMean,QDev,PMean,PDev,BarMean,BarDev,etaMean,etaDev,Energy,Resa,Availability
0.02542170626789692,0.006484594110823433,48.011879809454015,12.48191995653797,26.855045067790396,0.6191147852969228,0.703537805945388,0.030329508314257736,32811.598731079765,6890.4357335267505,0.9380725540491023
