QMean,QDev,PMean,PDev,BarMean,BarDev,etaMean,etaDev,Energy,Resa,Availability
0.025688393740736115,0.005977107407132088,48.517462599168866,11.44917949801909,26.825601424253872,0.5696495669338695,0.704409250004838,0.012096576140530389,32164.476628170727,6754.540091915853,0.9486210804684548
