QMean,QDev,PMean,PDev,BarMean,BarDev,etaMean,etaDev,Energy,Resa,Availability
0.02460053798759962,0.007833886775945969,46.47938855685131,14.916576057750966,25.951853199227408,3.8415290318642885,0.7040159505378327,0.019860366161066997,79767.19071761607,16751.110050699375,0.9075801749271137
