QMean,QDev,PMean,PDev,BarMean,BarDev,etaMean,etaDev,Energy,Resa,Availability
0.024605186318727577,0.007826582292544829,46.48524694501019,14.90194700760299,25.95274476384929,3.8376662785318825,0.7039967745402566,0.019843017112779172,79936.62462479493,16786.691171206934,0.907768402676753
