QMean,QDev,PMean,PDev,BarMean,BarDev,etaMean,etaDev,Energy,Resa,Availability
0.024694764685015025,0.007692786528267094,46.67595118317266,14.664427914200134,26.140952368203333,3.1102750654729965,0.7039705600617304,0.02159332717032617,66625.52499524255,13991.360249000934,0.9111305872042068
