QMean,QDev,PMean,PDev,BarMean,BarDev,etaMean,etaDev,Energy,Resa,Availability
0.024853858353899298,0.007496832925243775,47.07535710802244,14.263396434618109,25.845411170592538,3.5970156179462704,0.7056332595642169,0.007407111920279766,48261.51226577566,10134.917575812888,0.916605705925384
