QMean,QDev,PMean,PDev,BarMean,BarDev,etaMean,etaDev,Energy,Resa,Availability
0.024809705558358264,0.007526405527567639,46.89447003378979,14.316340857590685,26.116678328401207,3.123171535164211,0.7043999894657789,0.00917511459844447,65978.00527289875,13855.381107308736,0.9157033611950915
