QMean,QDev,PMean,PDev,BarMean,BarDev,etaMean,etaDev,Energy,Resa,Availability
0.023965808269176953,0.008676735978696259,45.32937534293553,16.460849985845027,25.459358007750346,4.197009263348193,0.7043020541974443,0.005000873307794665,33040.54391298626,6938.514221727114,0.8431394863624293
