QMean,QDev,PMean,PDev,BarMean,BarDev,etaMean,etaDev,Energy,Resa,Availability
0.02477046921659713,0.007580218837973837,46.807505059631374,14.413191717625976,26.10674710708349,3.1466885432879845,0.7041689016437298,0.009068096082770405,64813.85817685149,13610.910217138813,0.9143476689555475
