QMean,QDev,PMean,PDev,BarMean,BarDev,etaMean,etaDev,Energy,Resa,Availability
0.02515439128862972,0.006990045764999738,47.552460289186925,13.29409757799251,25.990533252430847,3.360479673524196,0.7040491465233529,0.008338050651965091,56729.35862907892,11913.165312106572,0.9283319362950545
