,Power,Var2,Var3,Eta
last_value,104.1204,0.0395039,30.4328,0.8657559405912792
MaxScala,248.0,80.0,50.0,100.0
Media,102.52910603180324,12.0,31.5,0.852524410495415
Dev,1.6257535142573885,15.0,0.9,0.013518059505202462
