QMean,QDev,PMean,PDev,BarMean,BarDev,etaMean,etaDev,Energy,Resa,Availability
0.03619280833333333,0.010004948209476427,93.01354375000001,26.121258471301577,30.320751041666664,0.5524593867038989,0.8376800547907821,0.03719402947034929,2232.3250500000004,468.78826050000004,1.0
