QMean,QDev,PMean,PDev,BarMean,BarDev,etaMean,etaDev,Energy,Resa,Availability
0.035759990624999995,0.01017177392114733,91.34513333333332,27.394574755386735,30.33650208333333,0.4817312089786098,0.8358212686477232,0.03889889248384484,2192.2832,460.37947199999996,1.0
