QMean,QDev,PMean,PDev,BarMean,BarDev,etaMean,etaDev,Energy,Resa,Availability
0.03627849791666667,0.009797955273624901,92.86839166666668,26.390187894057906,30.357442708333338,0.43994227101044925,0.8376920648951068,0.03682485255104316,2228.8414000000002,468.05669400000005,1.0
