QMean,QDev,PMean,PDev,BarMean,BarDev,etaMean,etaDev,Energy,Resa,Availability
0.03449099684210527,0.011331330202151931,88.10055999999999,30.481963398927533,30.36967684210526,0.5227254711610618,0.8361122073075152,0.040670964762695404,2114.41344,444.02682239999996,0.9789473684210527
