QMean,QDev,PMean,PDev,BarMean,BarDev,etaMean,etaDev,Energy,Resa,Availability
0.029472481249999998,0.00972999608238308,74.22785208333333,26.975164378519004,30.719136458333328,0.36067614863146047,0.8102920827418948,0.04717713266943409,1781.4684499999998,374.10837449999997,0.4884184079906857
