QMean,QDev,PMean,PDev,BarMean,BarDev,etaMean,etaDev,Energy,Resa,Availability
0.030074832291666662,0.009399932027197666,75.39401354166667,24.79527008971679,30.345641666666666,0.5399587502892131,0.8205617897872587,0.037622857836573584,1809.456325,379.98582825,1.0
