QMean,QDev,PMean,PDev,BarMean,BarDev,etaMean,etaDev,Energy,Resa,Availability
0.033033944791666665,0.009744463755276099,83.47294895833333,26.120929245486412,30.32175833333333,0.532222745635906,0.8256923885922195,0.04535553484384048,2003.3507749999999,420.70366275,1.0
