QMean,QDev,PMean,PDev,BarMean,BarDev,etaMean,etaDev,Energy,Resa,Availability
0.03603116666666666,0.010108654775814496,92.21106666666667,27.225978944925266,30.356462500000003,0.4669640390887539,0.8369620289552518,0.038704163840220865,2213.0656,464.74377599999997,1.0
