QMean,QDev,PMean,PDev,BarMean,BarDev,etaMean,etaDev,Energy,Resa,Availability
0.03660569375,0.009906180819377917,93.19313333333332,26.602728142529802,30.322951041666666,0.46513399122250965,0.834446483369171,0.03447904982020916,2236.6351999999997,469.6933919999999,1.0
