QMean,QDev,PMean,PDev,BarMean,BarDev,etaMean,etaDev,Energy,Resa,Availability
0.025684950780053426,0.011342266333674293,64.03913463935886,30.8487524689612,30.82074229741763,0.49827739911178337,0.8032056076880214,0.052867365783384745,18007.59119680558,3781.594151329172,0.97506678539626
