QMean,QDev,PMean,PDev,BarMean,BarDev,etaMean,etaDev,Energy,Resa,Availability
0.029317182734671123,0.011847947037710449,73.80654241917502,32.05688336082351,30.647121404682274,0.5305151965782691,0.815194591938546,0.04924190159237423,33138.132957159985,6959.0079210035965,0.9843924191750278
