QMean,QDev,PMean,PDev,BarMean,BarDev,etaMean,etaDev,Energy,Resa,Availability
0.031131036543056063,0.0117694360121965,78.73938417002564,31.689569851492323,30.550659948699153,0.5546479091651038,0.8216061946411213,0.04681995636892446,53811.17317538143,11300.3463668301,0.9871747893001099
