QMean,QDev,PMean,PDev,BarMean,BarDev,etaMean,etaDev,Energy,Resa,Availability
0.030876389259577794,0.011816382627053479,78.0634965989054,31.81582709740869,30.565918021892102,0.5546304054039852,0.8209547440902768,0.04693410962563766,50014.67511038959,10503.081773181813,0.9863174354964817
