QMean,QDev,PMean,PDev,BarMean,BarDev,etaMean,etaDev,Energy,Resa,Availability
0.03111799446012495,0.011777513952105101,78.70119092245498,31.70933785747044,30.550865747886807,0.5552054695158052,0.8215427538152146,0.04684784616098196,53634.402523372686,11263.224529908264,0.9871370819551636
