QMean,QDev,PMean,PDev,BarMean,BarDev,etaMean,etaDev,Energy,Resa,Availability
0.03513027022624434,0.011361915563937917,89.56124425339367,30.234950617829288,30.3507785520362,0.5556326167350184,0.8347572475476016,0.03962848654357828,24738.23371582134,5195.029080322482,0.9891402714932127
