QMean,QDev,PMean,PDev,BarMean,BarDev,etaMean,etaDev,Energy,Resa,Availability
0.030948696231960705,0.011764800124225108,78.24264219871552,31.670767587543082,30.557585644125425,0.5560376374926913,0.8210877859213214,0.04692444154422475,51870.82924123479,10892.874140659305,0.9867774839440876
