QMean,QDev,PMean,PDev,BarMean,BarDev,etaMean,etaDev,Energy,Resa,Availability
0.03517359157119476,0.011227191777313919,89.73365998363339,29.846470189517532,30.35056963993453,0.5540695273597375,0.8350500267816551,0.039263785480870755,27394.415166153507,5752.827184892236,0.9901800327332242
