QMean,QDev,PMean,PDev,BarMean,BarDev,etaMean,etaDev,Energy,Resa,Availability
0.03511305026833631,0.011320785715794167,89.52413658318426,30.12764217610092,30.352211359570667,0.5537797793942564,0.8348156648994759,0.03947839394553543,25017.097215303645,5253.5904152137655,0.9892665474060823
