QMean,QDev,PMean,PDev,BarMean,BarDev,etaMean,etaDev,Energy,Resa,Availability
0.026805582695843523,0.01292369843561172,66.94323679706602,34.64331531208067,30.792839951100245,0.6711241998224201,0.8073412425148692,0.0519938600300343,68629.96462488586,14412.292571226031,0.9202933985330073
