QMean,QDev,PMean,PDev,BarMean,BarDev,etaMean,etaDev,Energy,Resa,Availability
0.028983226296045602,0.01281827539883271,72.85182832205201,34.358826820562065,30.676336123975776,0.6607697030718757,0.8148726191514609,0.049724588718290275,102498.75843799721,21524.739271979415,0.9406840042750267
