QMean,QDev,PMean,PDev,BarMean,BarDev,etaMean,etaDev,Energy,Resa,Availability
0.028016311557655955,0.012909192267071433,70.21441449275362,34.6241441016013,30.731350052509974,0.6621588824825926,0.8113787047665587,0.05076259937836027,83764.84079365782,17590.61656666814,0.9315269901281243
