QMean,QDev,PMean,PDev,BarMean,BarDev,etaMean,etaDev,Energy,Resa,Availability
0.030093636527680656,0.012768901957665044,75.87480323426573,34.21992168798154,30.618864175407925,0.6535200729770329,0.8186370877971826,0.04862266599511664,130462.57212347628,27397.140145930018,0.9497377622377622
