QMean,QDev,PMean,PDev,BarMean,BarDev,etaMean,etaDev,Energy,Resa,Availability
0.030086889435994746,0.012776603712256623,75.85488827908334,34.239701389016,30.61913905999124,0.653939677470473,0.8185942130532036,0.048651432113790485,130183.36030029392,27338.505663061722,0.9496423879725587
