QMean,QDev,PMean,PDev,BarMean,BarDev,etaMean,etaDev,Energy,Resa,Availability
0.029089784885021095,0.012825186838857866,73.14132046413502,34.38239629366957,30.671576564697606,0.6598955648932379,0.8151859045796814,0.049684066096006375,104262.52566392176,21895.130389423568,0.9414556962025317
