QMean,QDev,PMean,PDev,BarMean,BarDev,etaMean,etaDev,Energy,Resa,Availability
0.029098882062148876,0.012821435463620794,73.16742796699438,34.37364550247219,30.671308426966288,0.6595689749875027,0.8152270898694888,0.0496714656286,104439.81673293973,21932.36151391734,0.9415379213483146
