QMean,QDev,PMean,PDev,BarMean,BarDev,etaMean,etaDev,Energy,Resa,Availability
0.028918088185701362,0.012848847314839781,72.68204789140272,34.44235139381334,30.68210680542986,0.6609094390662753,0.8146998923493517,0.04976164913080226,100642.26641040841,21134.875946185766,0.9397285067873303
