,Power,Var2,Var3,Eta
last_value,-0.4832,1.082397,0.08114235001078707,-0.054996405038388735
MaxScala,250.0,,,100.0
Media,0.0,,,0.0
Dev,0.0,,,0.0
