QMean,QDev,PMean,PDev,BarMean,BarDev,etaMean,etaDev,Energy,Resa,Availability
1.8572747015535567,12.482224165064865,-0.5176490596892885,0.08152207781474635,0.08205554079558638,0.04040939216026633,-inf,,-232.41709443881163,-48.80758983215044,0.0
