EI,PMean,PDev,TModMean,TModDev,Energy,Energy 1,Energy 2,etaMean,etaDev,etaMean 1,etaMean 2,Resa,Availability Inv 1,Availability Inv 2
3052.0499999999993,93.2972027972028,153.71201546551058,16.626470588235293,6.324017423029606,2239.1328671328674,1142.6853146853148,1096.4475524475524,0.7917301383815869,0.3396453066344991,0.0004040396242679634,0.00038769051411362336,503.8048951048952,1.0,1.0
