EI,PMean,PDev,TModMean,TModDev,Energy,Energy 1,Energy 2,etaMean,etaDev,etaMean 1,etaMean 2,Resa,Availability Inv 1,Availability Inv 2
1257.992727272727,36.04693140794224,87.31193073518926,15.02909090909091,3.6664609008129463,865.1263537906137,441.0974729241877,420.98924731182797,0.7421477380924136,0.4146428281724254,0.00037839500597180547,0.00036114518565379377,194.65342960288808,1.0,1.0
