EI,PMean,PDev,TModMean,TModDev,Energy,Energy 1,Energy 2,etaMean,etaDev,etaMean 1,etaMean 2,Resa,Availability Inv 1,Availability Inv 2
6335.094610778444,196.6331491712707,223.3115760682926,20.02311414323057,0.0,4719.195580110497,2417.9801104972375,2318.2417582417584,0.8039033304529881,0.2464703590229199,0.00041189694955433493,0.0003949067671830004,1061.8190055248617,0.45732465706509,0.4578293707302125
