EI,PMean,PDev,TModMean,TModDev,Energy,Energy 1,Energy 2,etaMean,etaDev,etaMean 1,etaMean 2,Resa,Availability Inv 1,Availability Inv 2
5447.984810126583,127.8036809815951,201.29198823184115,19.707606248116168,0.0,3067.288343558282,1717.3987730061351,1349.8895705521472,0.6075858804505458,0.3530801871202026,0.00034019209435364676,0.00026739378609689926,690.1398773006135,0.0010678792263042766,0.0007922974904838181
