EI,PMean,PDev,TModMean,TModDev,Energy,Energy 1,Energy 2,etaMean,etaDev,etaMean 1,etaMean 2,Resa,Availability Inv 1,Availability Inv 2
1997.1465703971123,62.39298245614035,122.40943642625219,16.038989169675087,3.8209279861014074,1497.4315789473685,763.7052631578947,728.6132404181185,0.8091443490161945,0.39512648048922844,0.0004126718086395156,0.0003937096655308482,336.9221052631579,1.0,1.0
