EI,PMean,PDev,TModMean,TModDev,Energy,Energy 1,Energy 2,etaMean,etaDev,etaMean 1,etaMean 2,Resa,Availability Inv 1,Availability Inv 2
98854.09304192185,102.76891864475553,184.76159115658922,13.382808870116156,10.380619589946349,70232.79284641915,37232.192791641304,32991.331441432325,0.7667154935869299,0.40057682768219,0.00040645541657428837,0.0003601588936598505,15802.37839044431,0.9535714285714286,0.925
