EI,PMean,PDev,TModMean,TModDev,Energy,Energy 1,Energy 2,etaMean,etaDev,etaMean 1,etaMean 2,Resa,Availability Inv 1,Availability Inv 2
74152.96453806385,113.9027266028003,194.76760741708782,19.707606248116168,0.0,51140.520784819455,27815.18122574306,23325.339559076398,0.7442615528583766,0.44085460567950946,0.0004048017042926517,0.0003394598485657249,11506.617176584377,0.01842952858299316,0.017017172186913312
