EI,PMean,PDev,TModMean,TModDev,Energy,Energy 1,Energy 2,etaMean,etaDev,etaMean 1,etaMean 2,Resa,Availability Inv 1,Availability Inv 2
34822.745041222115,141.8599078341014,218.78113699343226,13.416100872938895,11.687274647091023,25969.58402764977,13149.466152073734,12820.117875576037,0.8048055207078126,0.580384373612964,0.00040750606333478465,0.00039729945737302806,5843.156406221198,0.9487179487179487,0.9948717948717949
