EI,PMean,PDev,TModMean,TModDev,Energy,Energy 1,Energy 2,etaMean,etaDev,etaMean 1,etaMean 2,Resa,Availability Inv 1,Availability Inv 2
98981.95043281929,103.18772931104769,185.08986265240625,13.402037351443123,10.402226078786724,70321.43431144404,37279.85187497169,33031.91687245935,0.7666915373750961,0.39955191484920577,0.000406449999591184,0.0003601361573091637,15822.32272007491,0.9535714285714286,0.925
