EI,PMean,PDev,TModMean,TModDev,Energy,Energy 1,Energy 2,etaMean,etaDev,etaMean 1,etaMean 2,Resa,Availability Inv 1,Availability Inv 2
99224.44723498427,109.64133876074175,190.92230451116504,13.220825471698113,10.886744483575976,70207.27802314186,37286.02285240464,32920.10710137573,0.7635762362674138,0.4004054066524966,0.00040552378324132355,0.00035803996659296397,15796.637555206918,0.9504132231404959,0.9198982835346472
