EI,PMean,PDev,TModMean,TModDev,Energy,Energy 1,Energy 2,etaMean,etaDev,etaMean 1,etaMean 2,Resa,Availability Inv 1,Availability Inv 2
100433.3447026987,107.48273657289002,188.07048342369455,13.351490213523132,10.640847507582256,71255.23236626171,37781.695616652454,33473.97288300737,0.7656456002658615,0.3984555790224704,0.0004059686293742356,0.0003596816571947409,16032.427282408886,0.9529837251356239,0.9240506329113924
