EI,PMean,PDev,TModMean,TModDev,Energy,Energy 1,Energy 2,etaMean,etaDev,etaMean 1,etaMean 2,Resa,Availability Inv 1,Availability Inv 2
181448.5736321605,89.10437566702241,172.93933394474072,12.240127602417731,9.841219765647471,127017.42122079922,68532.76513903712,58489.9137963851,0.7554377606650677,0.3986276978590729,0.00040759950982488904,0.0003478695211661138,28578.919774679827,0.9696755994358252,0.9083215796897038
