EI,PMean,PDev,TModMean,TModDev,Energy,Energy 1,Energy 2,etaMean,etaDev,etaMean 1,etaMean 2,Resa,Availability Inv 1,Availability Inv 2
154144.1141990639,88.85497353023126,173.3966401673383,19.707606248116168,0.0,106002.57655115167,58209.74944959134,47792.82710156032,0.742127340922115,0.41260728088896725,0.0004075282694088291,0.0003345990715132858,23850.579724009127,0.04624606004237069,0.04159561825040045
