EI,PMean,PDev,TModMean,TModDev,Energy,Energy 1,Energy 2,etaMean,etaDev,etaMean 1,etaMean 2,Resa,Availability Inv 1,Availability Inv 2
181309.86915245058,88.91908868306186,172.76952106943216,12.232946298984034,9.829617301967247,126923.5517816459,68480.94399925477,58448.03917773998,0.7554569638695525,0.3991241714689395,0.00040760288622870887,0.00034788640564760215,28557.799150870327,0.9696755994358252,0.9083215796897038
