EI,PMean,PDev,TModMean,TModDev,Energy,Energy 1,Energy 2,etaMean,etaDev,etaMean 1,etaMean 2,Resa,Availability Inv 1,Availability Inv 2
86968.13165812456,78.73143043195138,159.78367360442692,20.02311414323057,0.0,59956.54304542002,32997.97847731713,26989.898389268667,0.7439870924294517,0.3379548330473945,0.00040946440232204374,0.00033491150436052743,13490.222185219503,0.45732465706509,0.4578293707302125
