EI,PMean,PDev,TModMean,TModDev,Energy,Energy 1,Energy 2,etaMean,etaDev,etaMean 1,etaMean 2,Resa,Availability Inv 1,Availability Inv 2
182998.65905358648,90.97619047619048,174.46953265661494,12.185271851342053,9.95299372390548,127998.5721230159,69072.34304508884,58942.559276832464,0.7548248236484079,0.39843744306820583,0.00040732891229351833,0.0003475922127378228,28799.678727678576,0.969449378330373,0.9076376554174067
