EI,PMean,PDev,TModMean,TModDev,Energy,Energy 1,Energy 2,etaMean,etaDev,etaMean 1,etaMean 2,Resa,Availability Inv 1,Availability Inv 2
181561.35398631135,91.54884087328382,175.66110433660836,12.084519026234934,10.054377162076305,126734.34092101808,68483.18403227924,58267.34554235034,0.7532859279175483,0.39932964977240304,0.00040705162038640676,0.0003463305299509598,28515.22670722907,0.968486625137413,0.9047270062293881
