,Power,Var2,Var3,Eta
last_value,157.2594,0.07521787999999999,26.93737,0.7758573370323714
MaxScala,259.3,80.0,40.0,100.0
Media,150.93529979050226,69.4,27.1,0.744656661284742
Dev,6.874587370186359,15.0,0.5,0.03391656746896632
