QMean,QDev,PMean,PDev,BarMean,BarDev,etaMean,etaDev,Energy,Resa,Availability
0.0650056365263158,0.01430969702376449,138.35390655789473,29.480030614017945,27.04698421052632,0.4459326767917917,0.7886502077082107,0.016191301236457473,3320.4937573894736,697.3036890517894,1.0
