QMean,QDev,PMean,PDev,BarMean,BarDev,etaMean,etaDev,Energy,Resa,Availability
0.052721079809551034,0.03075538952202115,112.14298842105265,65.48055282051867,27.375150631578954,0.9247655582092834,0.789046659794204,0.034034816946658865,2691.4317221052634,565.2006616421053,0.7684210526315789
