QMean,QDev,PMean,PDev,BarMean,BarDev,etaMean,etaDev,Energy,Resa,Availability
0.06815633252631581,0.014556789661601824,144.8644641368421,29.90040132423998,26.959740210526313,0.4482902179943584,0.7905411727813098,0.008656370619492553,3476.74713928421,730.116899249684,1.0
