QMean,QDev,PMean,PDev,BarMean,BarDev,etaMean,etaDev,Energy,Resa,Availability
0.06584702715789473,0.014183553826238454,140.30883908421055,28.84746677516204,27.02319347368421,0.45064696727393666,0.7909575080308436,0.011417828942046376,3367.412138021053,707.1565489844211,1.0
