QMean,QDev,PMean,PDev,BarMean,BarDev,etaMean,etaDev,Energy,Resa,Availability
0.04162508574903488,0.03328621105745995,88.62399560833335,70.71691573397565,27.70601322916667,1.0289249684576685,0.780520697562142,0.04677377906377569,2126.9758946,446.664937866,0.7083333333333334
