QMean,QDev,PMean,PDev,BarMean,BarDev,etaMean,etaDev,Energy,Resa,Availability
0.06670642557894736,0.01536181583610861,141.51375350526317,31.81399382368183,26.98307084210526,0.43924487738477325,0.7862217699411002,0.018902849217387028,3396.3300841263163,713.2293176665264,1.0
