QMean,QDev,PMean,PDev,BarMean,BarDev,etaMean,etaDev,Energy,Resa,Availability
0.068489806,0.014650426433634038,145.4239199263158,30.051751068058756,26.95300831578948,0.4516778456090198,0.7899794587838014,0.009150926559821191,3490.174078231579,732.9365564286315,1.0
