QMean,QDev,PMean,PDev,BarMean,BarDev,etaMean,etaDev,Energy,Resa,Availability
0.07004212298947368,0.011522147996636522,148.28087547368418,23.33492903786523,26.87743052631579,0.3489844429872074,0.7893171262203219,0.006480748415931647,3558.74101136842,747.3356123873682,0.9577536379215197
