QMean,QDev,PMean,PDev,BarMean,BarDev,etaMean,etaDev,Energy,Resa,Availability
0.06711536492147446,0.015723966625858777,142.2652458856604,32.76070338290749,26.974774860377355,0.5605303718069495,0.7869980065606338,0.028221655655521812,94314.34957865998,19806.013411518594,0.9845283018867924
