QMean,QDev,PMean,PDev,BarMean,BarDev,etaMean,etaDev,Energy,Resa,Availability
0.06771971540240097,0.013979228701358875,143.69158321293202,29.085506519424243,26.970866081382386,0.47720909804583717,0.7878461174049327,0.021924023383875602,64515.405403186945,13548.235134669258,0.9860646599777034
