QMean,QDev,PMean,PDev,BarMean,BarDev,etaMean,etaDev,Energy,Resa,Availability
0.06411314677231778,0.02207470716669396,135.95159510671579,46.45856206660675,25.84492940827191,4.787060621607732,0.7884000066676663,0.024347680161907942,41526.94342599397,8720.658119458734,0.9336609336609336
