QMean,QDev,PMean,PDev,BarMean,BarDev,etaMean,etaDev,Energy,Resa,Availability
0.06619645814927332,0.017338216716738228,140.3316265283309,36.24312990545108,27.001251475109807,0.599901500671721,0.786833106024732,0.028879996646293437,95903.5691136382,20139.74951386402,0.9747437774524158
