QMean,QDev,PMean,PDev,BarMean,BarDev,etaMean,etaDev,Energy,Resa,Availability
0.06714332910265809,0.01582743165095225,142.3088280011714,32.987907604256634,26.973678551347128,0.5652665664651205,0.7869424327744768,0.0285697813521562,91175.9220725305,19146.943635231404,0.9839906286606794
