QMean,QDev,PMean,PDev,BarMean,BarDev,etaMean,etaDev,Energy,Resa,Availability
0.06840262864648262,0.0118293143192195,145.04376551336898,24.379764577532804,26.947614821746882,0.4010738227265442,0.8103316272866996,0.2730089526887469,40785.78309320612,8565.014449573284,0.9964381121994658
