QMean,QDev,PMean,PDev,BarMean,BarDev,etaMean,etaDev,Energy,Resa,Availability
0.05695164596046,0.023779306395726726,120.95775221421215,50.23323350978721,25.56317919031926,4.2689869041383695,0.7882059567564116,0.024880268282315297,88125.31594694256,18506.316348857938,0.9577536379215197
