QMean,QDev,PMean,PDev,BarMean,BarDev,etaMean,etaDev,Energy,Resa,Availability
0.060281292342721324,0.021655581323925494,127.95688533577355,45.64095610564126,25.96289461920937,3.6596375357061057,0.8088055423612187,0.2628248695721979,131180.9012361254,27547.989259586335,0.9141253964381556
