QMean,QDev,PMean,PDev,BarMean,BarDev,etaMean,etaDev,Energy,Resa,Availability
0.061514644184763385,0.021339415323765754,130.51905236079187,44.90742880973231,26.266329078402244,3.160593356366806,0.7875130892196291,0.02685140172280104,186303.76546681006,39123.79074803011,0.9269446391030133
