QMean,QDev,PMean,PDev,BarMean,BarDev,etaMean,etaDev,Energy,Resa,Availability
0.061166883600570654,0.021167069502879294,129.85313364444445,44.595352875279445,26.11038178187002,3.4185173528205195,0.7880595065719852,0.023556874098468537,154912.87671113247,32531.704109337817,0.9218029350104822
