QMean,QDev,PMean,PDev,BarMean,BarDev,etaMean,etaDev,Energy,Resa,Availability
0.06180800635266788,0.020993503187576593,131.13051394455482,44.16518669347667,26.23087919803503,3.1987095376243833,0.7875848177287861,0.026630091284721283,181575.18420417115,38130.78868287594,0.9297453494672205
