QMean,QDev,PMean,PDev,BarMean,BarDev,etaMean,etaDev,Energy,Resa,Availability
0.06187923611530786,0.020892233334645283,131.28681990703876,43.9474631040891,26.243146237028082,3.175180528212447,0.7876017139961755,0.02647773263841602,184713.62658259735,38789.861582345446,0.9308567365801635
