QMean,QDev,PMean,PDev,BarMean,BarDev,etaMean,etaDev,Energy,Resa,Availability
0.06140592126585119,0.02214825833580049,130.27673259765407,46.63713434549649,26.076966966664724,3.8891089538289476,0.7876858082359278,0.026567205974366383,223578.9019571424,46951.5694109999,0.9200058283549468
