,Power,Var2,Var3,Eta
last_value,45.5443,0.7893,1.5642,0.36875777394429926
MaxScala,400.0,3.0,2.0,100.0
Media,44.15163800649765,0.9787,1.41,0.357481830816822
Dev,0.0,0.983,0.04,0.0
