QMean,QDev,PMean,PDev,BarMean,BarDev,etaMean,etaDev,Energy,Resa,Availability
1.7209020833333335,0.25075101195341115,181.99155937500004,27.244367479817342,1.4192166666666666,0.19872248219704675,0.7302316083833363,0.015470640858182665,4367.797425000001,917.2374592500001,0.4939766989009538
