QMean,QDev,PMean,PDev,BarMean,BarDev,etaMean,etaDev,Energy,Resa,Availability
0.9445635416666667,0.11765503081023182,66.46288854166666,16.51908235436161,1.5359114583333333,0.017882299615539665,0.45110666472049005,0.06010010510524592,1595.109325,334.97295825,1.0
