QMean,QDev,PMean,PDev,BarMean,BarDev,etaMean,etaDev,Energy,Resa,Availability
0.9507010526315788,0.11454633123278968,67.45448842105263,16.154192318364544,1.5370294736842105,0.01763204542980709,0.45501255960915465,0.05818984232477851,1618.907722105263,339.97062164210524,1.0
