QMean,QDev,PMean,PDev,BarMean,BarDev,etaMean,etaDev,Energy,Resa,Availability
1.0446926315789473,0.1081432755698177,77.49947157894738,14.40192375586761,1.5186747368421054,0.01871673593012724,0.4844935376999485,0.044224570463495476,1859.987317894737,390.59733675789477,1.0
