QMean,QDev,PMean,PDev,BarMean,BarDev,etaMean,etaDev,Energy,Resa,Availability
0.0048156250000000005,0.0002328841472528061,0.0,0.0,0.046519791666666664,0.0007932816586374321,,,0.0,0.0,0.0
