QMean,QDev,PMean,PDev,BarMean,BarDev,etaMean,etaDev,Energy,Resa,Availability
0.9325927083333333,0.10074037717154394,65.19701979166666,14.076311907373706,1.5407218749999998,0.017037227639819845,0.4483105651966652,0.05257966101285364,1564.728475,328.59297975,1.0
