QMean,QDev,PMean,PDev,BarMean,BarDev,etaMean,etaDev,Energy,Resa,Availability
0.004710416666666666,0.0002815430571965069,0.0,0.0,0.04705416666666667,0.0007307126468196802,,,0.0,0.0,0.0
