QMean,QDev,PMean,PDev,BarMean,BarDev,etaMean,etaDev,Energy,Resa,Availability
0.9213593750000001,0.5127253239589167,70.298528125,57.9338624136083,1.3157854166666667,0.5026842856478869,0.46496794267020414,0.1428859056838165,1687.164675,354.30458175,0.8645833333333334
