QMean,QDev,PMean,PDev,BarMean,BarDev,etaMean,etaDev,Energy,Resa,Availability
1.0569121086382496,0.8596005731264044,108.27018947566958,98.47664378203288,0.945814221048661,0.658669800181409,0.6744032017742723,0.19752011690384544,71777.4815124741,15073.27111761956,0.6495662014334214
