QMean,QDev,PMean,PDev,BarMean,BarDev,etaMean,etaDev,Energy,Resa,Availability
1.0963853393665157,0.3970326016481407,91.76380859728506,53.04648148797804,1.4670386425339366,0.26650711059926196,0.5217809105815534,0.1315153391235255,25343.838457334838,5322.206076040316,0.967420814479638
