QMean,QDev,PMean,PDev,BarMean,BarDev,etaMean,etaDev,Energy,Resa,Availability
1.081362520458265,0.3816226733068455,89.3084483633388,51.18968171900998,1.4740090016366612,0.2543854338466344,0.514867238017991,0.12763339953858907,27264.52965860189,5725.551228306396,0.9705400981996727
