QMean,QDev,PMean,PDev,BarMean,BarDev,etaMean,etaDev,Energy,Resa,Availability
1.6535388444444445,0.6201489251766674,181.70196204444446,70.11972996730049,1.2508564444444443,0.4408501529099104,0.7733428338329666,0.06691464845236993,51093.83463538926,10729.705273431744,0.8817777777777778
