QMean,QDev,PMean,PDev,BarMean,BarDev,etaMean,etaDev,Energy,Resa,Availability
1.0942583239595052,0.8975085714571398,115.8398799775028,102.98395584521222,0.9060615298087739,0.655022916036945,0.7151641996644089,0.19438595208243858,51467.94827370444,10808.269137477932,0.6293588301462317
