QMean,QDev,PMean,PDev,BarMean,BarDev,etaMean,etaDev,Energy,Resa,Availability
1.0612599921935988,0.8738111523104449,109.83179024199843,99.76386283632267,0.9252507025761124,0.6605388855962625,0.6876682748418297,0.19397593706202726,70368.31274312972,14777.34567605724,0.637392661982826
