QMean,QDev,PMean,PDev,BarMean,BarDev,etaMean,etaDev,Energy,Resa,Availability
1.0530690084156604,0.8522560083511213,107.20486977680204,97.76529059380557,0.9557698865715331,0.6577294727108339,0.6667191563537579,0.19953364846978472,73264.64182112034,15385.574782435271,0.6553238199780461
