QMean,QDev,PMean,PDev,BarMean,BarDev,etaMean,etaDev,Energy,Resa,Availability
0.5340067088607595,0.8396753018095241,57.860899063291136,92.61804585419222,0.4403512658227848,0.6172509502889201,0.7657359535432487,0.07233685038365899,59318.75263260665,12456.938052847396,0.2873417721518987
