QMean,QDev,PMean,PDev,BarMean,BarDev,etaMean,etaDev,Energy,Resa,Availability
0.6513652855051244,0.7773981429911508,62.41020161054173,84.10377453916955,0.6951316544655929,0.7060533733735486,0.6103300905153834,0.18736021910778364,108923.58871785433,22873.95363074941,0.4568081991215227
