QMean,QDev,PMean,PDev,BarMean,BarDev,etaMean,etaDev,Energy,Resa,Availability
0.5509640616298497,0.8185214615187761,56.715220085390754,89.87173527517032,0.5017015593094486,0.6458762524925805,0.6894346465780791,0.1878632524616111,78533.09262540653,16491.94945133537,0.32968256914794875
