QMean,QDev,PMean,PDev,BarMean,BarDev,etaMean,etaDev,Energy,Resa,Availability
0.07412000714540908,0.3321153330622054,6.974432547338335,34.470645512161354,0.10729206859592712,0.27753587955199693,0.6956710905813154,0.0849147046258042,5143.248785817673,1080.0822450217113,0.4939766989009538
