QMean,QDev,PMean,PDev,BarMean,BarDev,etaMean,etaDev,Energy,Resa,Availability
0.5626363620007196,0.8113932626753001,57.05771016552716,88.84468992022789,0.5297396725440806,0.6586561624949879,0.6698374446497392,0.19393178450131643,81444.61927246365,17103.370047217366,0.3479668945663908
