QMean,QDev,PMean,PDev,BarMean,BarDev,etaMean,etaDev,Energy,Resa,Availability
0.646343765827499,0.7830924760608426,62.34556258006852,84.81177040788204,0.6804093400863996,0.7032368416884007,0.6165789810644168,0.1880194478786936,106996.55395289854,22469.276330108692,0.4473409801876955
