QMean,QDev,PMean,PDev,BarMean,BarDev,etaMean,etaDev,Energy,Resa,Availability
0.557152903579255,0.8134051735464014,56.822519411979556,89.16610780851403,0.5185404492330168,0.6538681025353956,0.6770685051986557,0.19168733108269315,79946.31741441927,16788.726657028048,0.34057706355003653
