QMean,QDev,PMean,PDev,BarMean,BarDev,etaMean,etaDev,Energy,Resa,Availability
0.6469350037174723,0.7825238156927958,62.36257347211896,84.73813015967774,0.6819466914498142,0.703549649375148,0.6160064372651524,0.18786758643399049,107228.99782083051,22518.089542374408,0.4483271375464684
